run_id,points_count,velo_to_cam_ms,cam_to_image_ms,total_projection_ms
1,108004,4.720900004031137,9.696399996755645,14.417300000786781
2,108004,3.508900001179427,12.37579999724403,15.884699998423457
3,108004,3.5102999972878024,12.209200009237975,15.719500006525777
4,108004,4.938400001265109,10.720599995693192,15.6589999969583
5,108004,4.378500001621433,9.45769999816548,13.836199999786913
6,108004,4.958600009558722,10.183399994275533,15.142000003834255
7,108004,3.4798999986378476,12.159400008386001,15.639300007023849
8,108004,3.4629000001586974,11.895000003278255,15.357900003436953
9,108004,3.724299996974878,10.255999994114973,13.98029999108985
10,108004,3.6226999945938587,10.50460000988096,14.127300004474819
11,108004,3.737200007890351,9.006399995996617,12.743600003886968
12,108004,3.714099992066622,9.007800006656907,12.72189999872353
13,108004,3.4847000060835853,8.486799997626804,11.97150000371039
14,108004,3.171100004692562,9.287799999583513,12.458900004276074
15,108004,3.504899999825284,9.38970000424888,12.894600004074164
16,108004,4.431900000781752,9.216999998898245,13.648899999679998
17,108004,3.1313000072259456,8.563199997297488,11.694500004523434
18,108004,3.4051999973598868,8.14219999301713,11.547399990377016
19,108004,3.5878999915439636,9.18880000244826,12.776699993992224
20,108004,3.6942000006092712,9.611200002836995,13.305400003446266
21,108004,4.681999998865649,8.906799994292669,13.588799993158318
22,108004,3.509200003463775,9.002199993119575,12.51139999658335
23,108004,3.278899996075779,10.85419999435544,14.13309999043122
24,108004,3.2768999953987077,10.930700009339489,14.207600004738197
25,108004,5.2432000084081665,10.064399990369566,15.307599998777732
26,108004,5.122600006870925,11.989299993729219,17.111900000600144
27,108004,4.936600002110936,9.253299998817965,14.189900000928901
28,108004,4.720800003269687,9.122899995418265,13.843699998687953
29,108004,3.3395000064047053,9.73560000420548,13.075100010610186
30,108004,4.894199999398552,9.777600003872067,14.671800003270619
