translation_y_m,fov_inside_ratio,mean_delta_px,retention_overall,retention_near,retention_far,point_bbox_iou
-0.15,0.18507647864893892,8.870943642694638,0.9038537981825513,0.933829522245612,0.9047619047619048,0.6582792805776081
-0.1,0.18498388948557462,5.918864750947735,0.9517511302453241,0.9724868643464967,0.9523809523809523,0.7356050601879791
-0.05,0.1847801933261731,2.9620595939934478,0.984215987587914,0.990257372001225,0.9761904761904762,0.8201821470462044
-0.02,0.18470612199548164,1.1854727986826343,0.9936643217893217,0.9987373737373737,0.9761904761904762,0.8657970079849847
0.0,0.18467834524647236,0.0,1.0,1.0,1.0,0.8800522650839552
0.02,0.18471538091181808,1.1850800365756113,0.9829415523271456,0.9887005649717514,0.9523809523809523,0.8680774387458233
0.05,0.18461353283211732,2.9588980295759044,0.9641936159414972,0.9626134223591851,0.9285714285714286,0.823552877603522
0.1,0.1844931669197437,5.90751484266077,0.9226021657381681,0.9228513953090225,0.8571428571428571,0.7438666709174157
0.15,0.18447464908707084,8.848836753301471,0.8615524543116972,0.8794485798544046,0.7380952380952381,0.6734656008132657
