yaw_deg,fov_inside_ratio,mean_delta_u_px,mean_delta_px,retention_overall,retention_near_lt15m,retention_mid_15to30m,retention_far_gte30m,point_bbox_iou,edge_alignment_score
-3.0,0.18362282878411912,45.789278080456114,45.8322262681808,0.11945920833250412,0.14163658547759764,0.1459227467811159,0.0,0.08108422921871039,0.4673151671886444
-2.0,0.1840302211029221,30.670646035136954,30.700187519821213,0.32066796311735285,0.4682314913276957,0.259656652360515,0.0,0.19952420148333117,0.507037878036499
-1.5,0.1844283545053887,23.066432509131168,23.088927414287078,0.4580092318193083,0.6771206334049494,0.3583467453505007,0.0,0.28416152644172993,0.5501490235328674
-1.0,0.18455797933409873,15.414289718783836,15.42953100195343,0.6637524490481941,0.8637961134380326,0.5765155579399142,0.23809523809523808,0.4191929605720057,0.5821704268455505
-0.5,0.18476167549350023,7.727169482111721,7.734910181953767,0.8705395999437332,0.9627415236152405,0.8222684191702432,0.6904761904761905,0.6227082553068072,0.619545578956604
0.0,0.18467834524647236,0.0,0.0,1.0,1.0,1.0,1.0,0.8800522650839552,0.6288269758224487
0.5,0.18467834524647236,7.722846836945062,7.7306127875335795,0.8267165988092869,0.9179479806419409,0.8532278254649499,0.5,0.6261070951534685,0.6312090754508972
1.0,0.18473389874449095,15.408680129324404,15.424019030756547,0.6156243091023901,0.8083719747004542,0.5986006795422031,0.07142857142857142,0.4283592851039479,0.6424315571784973
1.5,0.18471538091181808,23.0584396652166,23.081155675749528,0.46091394445579215,0.6488039261075785,0.4095359442060086,0.0,0.2976564236498832,0.636962354183197
2.0,0.1848357468241917,30.670667924369194,30.700584443806665,0.33236893753189495,0.4601599065373236,0.30686695278969955,0.0,0.20761040346452928,0.6175427436828613
3.0,0.1846968630791452,45.78446369353745,45.82815269770593,0.11315180907355692,0.09468702301120539,0.19742489270386265,0.0,0.08613697050671405,0.5839752554893494
